id,name,model_id:id,group_id:id,perm_read,perm_write,perm_create,perm_unlink
carbongold_document_management.access_category_category,access_category_category,carbongold_document_management.model_category_category,base.group_user,1,1,1,1
carbongold_document_management.access_document_review_user,access_document_review_user,carbongold_document_management.model_document_review,base.group_user,1,1,1,1
carbongold_document_management.access_document_review_manager,access_document_review_manager,carbongold_document_management.model_document_review,base.group_system,1,1,1,1
carbongold_document_management.access_document_review_public,access_document_review_public,carbongold_document_management.model_document_review,base.group_public,1,1,1,0
carbongold_document_management.access_document_review_portal,access_document_review_portal,carbongold_document_management.model_document_review,base.group_portal,1,1,1,0
